,mean,std,min,max,perc_satif
CrossLinkingMassSpectrometryRestraint_Distance_||1.1|rpb1|705|rpb1|1093|0|0.01|,21.894505981006535,1.645036455004896,18.4754362127,30.3526577394,0.9996404171161453
CrossLinkingMassSpectrometryRestraint_Distance_||10.1|rpb1|332|rpb2|507|0|0.01|,21.54125005546244,1.2425830950177423,16.4657082692,26.1285199873,1.0
CrossLinkingMassSpectrometryRestraint_Distance_||11.1|rpb1|343|rpb2|864|0|0.01|,28.494568782637128,1.1676463211409116,23.1215290891,33.3156228703,0.9043509528946422
CrossLinkingMassSpectrometryRestraint_Distance_||12.1|rpb1|343|rpb2|886|0|0.01|,23.560299892650118,1.8555680877628316,17.9031980089,33.1893962258,0.9913700107874865
CrossLinkingMassSpectrometryRestraint_Distance_||13.1|rpb1|372|rpb2|886|0|0.01|,13.953515906994996,2.2636501285564767,8.71603074857,23.1962183507,1.0
CrossLinkingMassSpectrometryRestraint_Distance_||14.1|rpb1|1093|rpb2|507|0|0.01|,21.40504434411801,2.117855298332798,10.76609728,29.2641400141,1.0
CrossLinkingMassSpectrometryRestraint_Distance_||15.1|rpb1|1102|rpb2|507|0|0.01|,19.406163913835332,1.4343248964191613,14.4073205806,25.8048397477,1.0
CrossLinkingMassSpectrometryRestraint_Distance_||16.1|rpb1|1112|rpb2|507|0|0.01|,17.724760957945904,2.8875347271512966,6.36997428389,25.7161445518,1.0
CrossLinkingMassSpectrometryRestraint_Distance_||17.1|rpb1|419|rpb2|886|0|0.1|,13.660189029802533,1.3244890276576586,7.54898323263,18.8741006892,1.0
CrossLinkingMassSpectrometryRestraint_Distance_||18.1|rpb1|419|rpb2|892|0|0.1|,20.436944663020142,1.2323366231614659,10.5041604381,24.0028112609,1.0
CrossLinkingMassSpectrometryRestraint_Distance_||19.1|rpb1|419|rpb2|914|0|0.1|,20.634449164276052,1.0180562501850414,17.0032278836,25.7016654343,1.0
CrossLinkingMassSpectrometryRestraint_Distance_||2.1|rpb1|705|rpb1|1132|0|0.01|,17.75102251674115,3.522621420029141,7.67129601611,27.6521703316,1.0
CrossLinkingMassSpectrometryRestraint_Distance_||20.1|rpb1|830|rpb2|507|0|0.1|,13.95105564101775,1.7900726332946815,8.44906894417,22.4590142003,1.0
CrossLinkingMassSpectrometryRestraint_Distance_||21.1|rpb1|1112|rpb2|344|0|0.1|,53.45277497761838,3.636480284270898,41.9992194127,65.4514409139,0.0
CrossLinkingMassSpectrometryRestraint_Distance_||22.1|rpb1|1112|rpb2|510|0|0.1|,18.776632340377688,3.2395440808460494,5.24456328333,29.430544566,1.0
CrossLinkingMassSpectrometryRestraint_Distance_||3.1|rpb1|705|rpb1|1286|0|0.01|,16.518160735418896,4.4602269775909384,6.14403147191,27.9435018581,1.0
CrossLinkingMassSpectrometryRestraint_Distance_||4.1|rpb1|773|rpb1|1093|0|0.01|,12.43122790732449,1.4204912693800518,9.26412837654,19.2386395724,1.0
CrossLinkingMassSpectrometryRestraint_Distance_||5.1|rpb1|773|rpb1|1112|0|0.01|,17.72804376203157,3.426297657910722,5.01211590459,28.2753729988,1.0
CrossLinkingMassSpectrometryRestraint_Distance_||6.1|rpb1|830|rpb1|1093|0|0.01|,14.876367533371027,1.7478685168639718,8.3859627526,20.1055462479,1.0
CrossLinkingMassSpectrometryRestraint_Distance_||7.1|rpb1|830|rpb1|1102|0|0.01|,12.346026860300512,5.116827742026058e-13,12.3460268603,12.3460268603,1.0
CrossLinkingMassSpectrometryRestraint_Distance_||8.1|rpb1|830|rpb1|1112|0|0.01|,19.758879826488037,2.611670086928504,9.50439943224,28.3688382961,1.0
CrossLinkingMassSpectrometryRestraint_Distance_||9.1|rpb1|330|rpb2|507|0|0.01|,24.774885428359507,1.188719534119105,19.5239560776,28.9658404672,1.0
